name;id;yr;cy;dr;at;ps;air;drv;p;wt;dom;disp;hp;lng;wdt;wb;mpg;q;firmids;euro;reli;dfi;hp2wt;size;japan;year;cat
"AD100L";1715;77;4;2;0;0;0;1;7150;2489;0;114.2;92;188;69;105.3;18;7682;7;1;2;0;.3696263;1.2972;0;1977;"midsize"
"AD4000";1869;80;4;4;0;0;0;1;8870;2178;0;97;76;177;67;99.5;22;14683;7;1;5;0;.348944;1.1859;0;1980;"midsize"
"AD4000";2359;81;4;4;0;0;0;1;9435;2123;0;105;74;177;67;100;26;18647;7;1;3;0;.3485633;1.1859;0;1981;"midsize"
"AD5000";1764;78;5;4;0;1;0;1;8780;2588;0;130.8;103;190;70;105.5;15;20761;7;1;5;0;.3979907;1.33;0;1978;"midsize"
"AD5000";1813;79;5;4;0;1;0;1;9725;2622;0;130.8;103;190;70;105.5;16;28276;7;1;3;0;.3928299;1.33;0;1979;"midsize"
"AD5000";1868;80;5;4;0;1;0;1;11400;2624;0;121;67;190;70;105.9;27;8038;7;1;5;0;.2553354;1.33;0;1980;"midsize"
"AD5000";2358;81;5;4;0;1;0;1;17950;2963;0;121;86;190;70;105.5;27;6139;7;1;3;0;.2902464;1.33;0;1981;"midsize"
"ADCOUP";2361;81;5;2;0;0;0;0;11895;2478;0;130.8;100;177;67;99.8;21;2553;7;1;3;0;.4035513;1.1859;0;1981;"midsize"
"ADFOX";1716;77;4;4;0;0;0;1;5549;2060;0;97;78;173;63;97.2;24;23281;7;1;4;0;.3786408;1.0899;0;1977;"compact"
"ADFOX";1765;78;4;4;0;0;0;0;6104;2060;0;97;78;173;63;96.5;23;19584;7;1;3;0;.3786408;1.0899;0;1978;"compact"
"ADFOX";1814;79;4;4;0;0;0;0;6445;2060;0;97;78;173;63;96.5;23;6151;7;1;3;0;.3786408;1.0899;0;1979;"compact"
"AMCONC";978;78;6;4;0;0;0;0;3849;3099;1;232;90;184;72;108;20;116043;15;0;3;0;.2904163;1.3248;0;1978;"midsize"
"AMCONC";1117;79;6;4;0;0;0;0;4489;2939;1;232;90;186;72;108;18;85432;15;0;3;0;.3062266;1.3392;0;1979;"midsize"
"AMCONC";1263;80;4;4;0;0;0;0;5219;2712;1;151;90;185;71;108;22;64991;15;0;2;0;.3318584;1.3135;0;1980;"midsize"
"AMCONC";1931;81;4;4;0;0;0;0;6054;2738;1;151;90;185;71;108;23;59838;15;0;3;0;.3287071;1.3135;0;1981;"midsize"
"AMEAGL";1267;80;6;4;0;0;0;0;7418;3450;1;258;100;187;72;109;16;32641;15;0;1;0;.2898551;1.3464;0;1980;"midsize"
"AMEAGL";1933;81;4;3;0;1;0;0;6966;2967;1;151;100;167;73;97.2;19;43221;15;0;1;0;.3370408;1.2191;0;1981;"compact"
"AMGREM";855;77;4;2;0;0;0;0;3248;2564;1;121;80;167;71;96;21;38071;15;0;3;0;.3120125;1.1857;0;1977;"compact"
"AMGREM";976;78;4;2;0;0;0;0;3789;2556;1;121;80;167;72;96;22;24414;15;0;2;0;.3129891;1.2024;0;1978;"compact"
"AMHORN";857;77;6;4;0;0;0;0;3449;3035;1;232;88;186;71;108;18;78332;15;0;2;0;.2899506;1.3206;0;1977;"midsize"
"AMMATA";860;77;6;4;1;1;0;0;4549;3713;1;258;98;216;78;118;15;22325;15;0;4;0;.2639375;1.6848;0;1977;"large"
"AMMATA";984;78;6;4;1;1;0;0;4849;3718;1;258;120;219;75;118;16;9471;15;0;3;0;.3227542;1.6425;0;1978;"large"
"AMPACE";859;77;6;2;0;0;0;0;3649;3156;1;232;88;170;77;100;18;45226;15;0;3;0;.278834;1.309;0;1977;"compact"
"AMPACE";980;78;6;2;0;0;0;0;4048;3197;1;232;90;173;77;100;18;20811;15;0;3;0;.2815139;1.3321;0;1978;"compact"
"AMPACE";1120;79;6;3;0;0;0;0;5039;3133;1;258;100;173;77;100;17;8168;15;0;1;0;.3191829;1.3321;0;1979;"compact"
"AMPACE";1265;80;6;3;0;0;0;0;5407;3147;1;258;100;174;77;100;17;2083;15;0;1;0;.3177629;1.3398;0;1980;"compact"
"AMSPIR";1113;79;4;2;0;0;0;0;3853;2489;1;121;80;167;72;96;22;54356;15;0;3;0;.3214142;1.2024;0;1979;"compact"
"AMSPIR";1261;80;4;2;0;0;0;0;4505;2512;1;151;80;167;72;96;22;49723;15;0;2;0;.3184713;1.2024;0;1980;"compact"
"AMSPIR";1929;81;4;3;0;0;0;0;5310;2587;1;151;80;167;72;96;23;33504;15;0;1;0;.3092385;1.2024;0;1981;"compact"
"ARGTV6";2356;81;6;2;0;0;0;0;16983;2823;0;152;154;168;66;94.5;17;606;20;1;2;0;.5455189;1.1088;0;1981;"compact"
"ARSPID";1866;80;4;2;0;0;0;0;13995;2455;0;119.7;112;161;65;88.6;19;2539;20;1;2;0;.4562118;1.0465;0;1980;"compact"
"ARSPID";2355;81;4;2;0;0;0;0;14895;2548;0;119.7;129;169;65;88.6;20;1688;20;1;2;0;.5062794;1.0985;0;1981;"compact"
"ARSPOR";1714;77;4;4;0;0;0;0;7595;2690;0;119.7;112;173;64;98.8;19;5505;20;1;2;0;.4163569;1.1072;0;1977;"compact"
"BKCENT";865;77;6;4;0;1;0;0;4364;3692;1;231;105;214;79;116;16;279657;19;0;3;0;.2843987;1.6906;0;1977;"large"
"BKCENT";1271;80;6;4;0;0;0;0;5858;3106;1;231;110;196;73;108.1;16;145894;19;0;2;0;.3541532;1.4308;0;1980;"large"
"BKCENT";1939;81;6;4;0;1;0;0;7924;3179;1;231;110;196;72;108.1;17;126367;19;0;2;0;.3460208;1.4112;0;1981;"large"
"BKCNTS";989;78;6;4;0;0;0;0;4520;3014;1;196;105;196;73;108.1;19;323356;19;0;3;0;.3483742;1.4308;0;1978;"large"
"BKCNTS";1127;79;6;4;0;0;0;0;5021;3053;1;196;105;196;73;108.1;18;62210;19;0;2;0;.343924;1.4308;0;1979;"large"
"BKELCT";873;77;8;4;1;1;0;0;6866;3814;1;350;155;223;78;119;14;136341;19;0;3;0;.4063975;1.7394;0;1977;"large"
"BKELCT";997;78;8;4;1;1;0;0;7431;3730;1;350;155;223;78;118.9;15;121705;19;0;4;0;.4155496;1.7394;0;1978;"large"
"BKELCT";1135;79;8;4;1;1;0;0;8878;3831;1;350;155;233;78;118.9;15;88195;19;0;4;0;.4045941;1.8174;0;1979;"large"
"BKELCT";1281;80;6;4;1;1;1;0;9580;3578;1;252;125;221;78;118.9;17;62717;19;0;2;0;.3493572;1.7238;0;1980;"large"
"BKELCT";1950;81;6;4;1;1;1;0;11102;3722;1;252;125;222;76;118.9;18;57234;19;0;3;0;.3358409;1.6872;0;1981;"large"
"BKLSAB";870;77;6;4;1;1;0;0;5093;3504;1;231;105;219;77;115.9;17;187519;19;0;3;0;.2996575;1.6863;0;1977;"large"
"BKLSAB";994;78;6;4;1;1;0;0;5536;3439;1;231;105;219;78;115.9;17;190414;19;0;3;0;.3053213;1.7082;0;1978;"large"
"BKLSAB";1132;79;6;4;1;1;0;0;6110;3459;1;231;115;219;78;115.9;18;129554;19;0;4;0;.332466;1.7082;0;1979;"large"
"BKLSAB";1276;80;6;4;1;1;0;0;6940;3369;1;231;110;218;78;115.9;18;88504;19;0;3;0;.3265064;1.7004;0;1980;"large"
"BKLSAB";1944;81;6;4;1;1;0;0;8281;3493;1;231;110;219;76;115.9;19;82263;19;0;3;0;.3149155;1.6644;0;1981;"large"
"BKREGA";1130;79;6;2;0;0;0;0;5407;3029;1;196;105;200;73;108.1;18;249379;19;0;2;0;.3466491;1.46;0;1979;"large"
"BKREGA";1274;80;6;2;0;0;0;0;6506;3115;1;231;110;200;73;108.1;16;199207;19;0;2;0;.35313;1.46;0;1980;"large"
"BKREGA";1942;81;6;2;1;1;0;0;8099;3188;1;231;110;201;72;108.1;17;208329;19;0;1;0;.3450439;1.4472;0;1981;"large"
"BKRIVE";874;77;8;2;1;1;0;0;7358;3784;1;350;155;219;78;116;15;20809;19;0;4;0;.4096195;1.7082;0;1977;"large"
"BKRIVE";998;78;8;2;1;1;0;0;9224;3701;1;350;155;219;78;115.9;15;25753;19;0;3;0;.4188057;1.7082;0;1978;"large"
"BKRIVE";1136;79;8;2;1;1;0;0;10684;3759;1;350;155;207;71;114;16;51402;19;0;3;0;.4123437;1.4697;0;1979;"large"
"BKRIVE";1284;80;8;2;1;1;1;1;11640;3633;1;350;160;207;73;114;15;42917;19;0;3;0;.4404074;1.5111;0;1980;"large"
"BKRIVE";1953;81;6;2;1;1;1;1;13027;3563;1;252;125;207;72;114;17;47964;19;0;3;0;.350828;1.4904;0;1981;"large"
"BKSKYH";862;77;6;2;0;0;0;0;3981;2805;1;231;105;180;66;97;18;24872;19;0;3;0;.3743316;1.188;0;1977;"midsize"
"BKSKYH";986;78;6;2;0;0;0;0;4146;2678;1;231;105;180;66;97;16;22221;19;0;2;0;.3920836;1.188;0;1978;"midsize"
"BKSKYH";1124;79;6;3;0;0;0;0;4560;2724;1;231;105;180;66;97;16;18768;19;0;1;0;.3854626;1.188;0;1979;"midsize"
"BKSKYH";1268;80;6;3;0;0;0;0;5211;2754;1;231;110;180;65;97;15;5388;19;0;2;0;.399419;1.17;0;1980;"midsize"
"BKSKYL";863;77;6;4;0;0;0;0;3825;3296;1;231;105;201;73;111;16;97196;19;0;2;0;.318568;1.4673;0;1977;"large"
"BKSKYL";987;78;6;4;0;0;0;0;4120;3234;1;231;105;201;73;111;18;97915;19;0;3;0;.3246753;1.4673;0;1978;"large"
"BKSKYL";1126;79;8;4;0;0;0;1;4503;3277;1;305;130;201;73;111;16;115000;19;0;2;0;.3967043;1.4673;0;1979;"large"
"BKSKYL";1269;80;4;4;0;0;0;1;5488;2438;1;151;90;182;68;104.9;24;175741;19;0;2;0;.369155;1.2376;0;1980;"midsize"
"BKSKYL";1937;81;4;4;0;0;0;1;6997;2453;1;151;90;182;68;104.9;22;200460;19;0;1;0;.3668977;1.2376;0;1981;"midsize"
"BW320I";1717;77;4;2;0;1;0;0;7990;2650;0;121.3;110;178;64;100.9;20;19519;8;1;4;0;.4150943;1.1392;0;1977;"midsize"
"BW320I";1816;79;4;2;0;1;0;0;9735;2530;0;121.3;110;178;64;100.9;19;23604;8;1;4;0;.4347826;1.1392;0;1979;"midsize"
"BW320I";1871;80;4;2;0;1;1;0;11810;2301;0;107.7;101;178;64;100.9;25;25786;8;1;5;0;.4389396;1.1392;0;1980;"midsize"
"BW320I";2362;81;4;2;0;1;1;0;12895;2285;0;107.7;101;178;64;100.9;25;31902;8;1;4;0;.4420131;1.1392;0;1981;"midsize"
"BW528I";1815;79;6;4;0;1;1;0;15505;3320;0;170.1;169;190;68;103.8;17;6878;8;1;4;0;.5090361;1.292;0;1979;"midsize"
"BW528I";1870;80;6;4;0;1;1;0;20150;3059;0;170.1;169;190;68;103.8;18;7992;8;1;5;0;.5524681;1.292;0;1980;"midsize"
"BW528I";2363;81;6;4;0;1;1;0;21995;3022;0;170.1;169;190;68;103.8;18;6267;8;1;4;0;.5592323;1.292;0;1981;"midsize"
"BW530I";1718;77;6;4;0;1;0;0;12495;3440;0;182.2;176;190;67;103.8;14;7239;8;1;4;0;.5116279;1.273;0;1977;"midsize"
"BW633C";2364;81;6;2;0;1;1;0;35910;3222;0;196;181;194;68;103.4;16;1138;8;1;4;0;.5617629;1.3192;0;1981;"midsize"
"BW733I";1767;78;6;4;0;1;1;0;21365;3800;0;196;177;198;71;110;14;1632;8;1;4;0;.4657895;1.4058;0;1978;"large"
"BW733I";1872;80;6;4;0;1;1;0;28945;3431;0;196;174;198;71;110;16;2047;8;1;5;0;.5071408;1.4058;0;1980;"large"
"BW733I";2365;81;6;4;0;1;1;0;31980;3328;0;196;181;198;71;110;16;2454;8;1;4;0;.5438702;1.4058;0;1981;"large"
"CDDEVI";1960;81;8;4;1;1;1;0;14769;4067;1;368;140;221;76;121.4;15;138948;19;0;1;0;.3442341;1.6796;0;1981;"large"
"CDELDR";877;77;8;2;1;1;1;1;11187;4955;1;425;180;225;80;126.3;11;46348;19;0;1;0;.3632694;1.8;0;1977;"large"
"CDELDR";1002;78;8;2;1;1;1;1;12401;4906;1;425;180;224;80;126.3;10;46267;19;0;2;0;.3668977;1.792;0;1978;"large"
"CDELDR";1141;79;8;2;1;1;1;1;14668;3792;1;350;170;204;72;113.9;14;62553;19;0;2;0;.4483122;1.4688;0;1979;"large"
"CDELDR";1291;80;8;2;1;1;1;1;16141;3806;1;368;145;205;77;114;14;54142;19;0;1;0;.3809774;1.5785;0;1980;"large"
"CDELDR";1964;81;8;2;1;1;1;1;17550;3822;1;368;140;205;71;114;15;54389;19;0;1;0;.3663004;1.4555;0;1981;"large"
"CDFLTW";1287;80;8;4;1;1;1;0;15564;4092;1;368;150;205;77;124.1;13;126151;19;0;2;0;.3665689;1.5785;0;1980;"large"
"CDSEVI";875;77;8;4;1;1;1;0;13359;4192;1;350;180;204;72;114.3;14;44667;19;0;3;0;.4293893;1.4688;0;1977;"large"
"CDSEVI";999;78;8;4;1;1;1;0;14710;4179;1;350;170;204;72;114.3;14;55721;19;0;3;0;.4067959;1.4688;0;1978;"large"
"CDSEVI";1137;79;8;4;1;1;1;0;16224;4180;1;350;170;204;72;114.3;14;45317;19;0;3;0;.4066986;1.4688;0;1979;"large"
"CDSEVI";1285;80;8;4;1;1;1;1;20477;3911;1;350;105;205;72;114;21;34709;19;0;1;0;.2684735;1.476;0;1980;"large"
"CDSEVI";1957;81;8;4;1;1;1;1;23000;3898;1;368;140;205;71;114;15;22728;19;0;1;0;.3591585;1.4555;0;1981;"large"
"CPSPOR";1719;77;4;3;0;0;0;0;4373;2513;0;140;92;175;67;100.9;18;22458;8;1;3;0;.3660963;1.1725;0;1977;"compact"
"CRCORD";898;77;8;2;1;1;0;0;5418;4045;1;400;190;215;78;115;11;142619;16;0;1;0;.4697157;1.677;0;1977;"large"
"CRCORD";1026;78;8;2;1;1;0;0;5811;4020;1;360;155;216;78;114.9;14;105442;16;0;2;0;.3855721;1.6848;0;1978;"large"
"CRCORD";1166;79;8;2;1;1;0;0;6337;3680;1;318;135;216;78;114.9;16;61801;16;0;2;0;.3668478;1.6848;0;1979;"large"
"CRCORD";1312;80;6;2;1;1;0;0;6978;3270;1;225;90;210;73;112.7;17;44908;16;0;4;0;.2752294;1.533;0;1980;"large"
"CRCORD";1988;81;6;2;1;1;0;0;7765;3300;1;225;85;211;73;112.7;18;23904;16;0;3;0;.2575758;1.5403;0;1981;"large"
"CRIMPE";1993;81;8;2;1;1;1;0;19491;3870;1;318;140;214;73;112.7;15;4649;16;0;3;0;.3617571;1.5622;0;1981;"large"
"CRLEBA";897;77;8;4;1;1;0;0;5224;3560;1;318;145;207;73;112.7;13;70037;16;0;2;0;.4073034;1.5111;0;1977;"large"
"CRLEBA";1024;78;6;4;1;1;0;0;5060;3400;1;225;110;207;74;112.7;17;125558;16;0;2;0;.3235294;1.5318;0;1978;"large"
"CRLEBA";1164;79;6;4;0;1;0;0;5479;3330;1;225;100;207;73;112.7;18;99588;16;0;2;0;.3003003;1.5111;0;1979;"large"
"CRLEBA";1310;80;6;4;1;1;0;0;6518;3300;1;225;90;206;75;112.7;17;65519;16;0;4;0;.2727273;1.545;0;1980;"large"
"CRLEBA";1986;81;6;4;1;1;0;0;6910;3275;1;225;85;206;75;112.7;18;46992;16;0;3;0;.259542;1.545;0;1981;"large"
"CRNEWP";1027;78;8;4;1;1;0;0;5888;4460;1;400;190;228;80;123.9;11;67892;16;0;2;0;.426009;1.824;0;1978;"large"
"CRNEWP";1167;79;6;4;1;1;0;0;6405;3530;1;225;110;221;78;118.5;17;87451;16;0;1;0;.3116147;1.7238;0;1979;"large"
"CVCAMA";888;77;6;2;0;1;0;0;4113;3369;1;250;110;196;75;108;18;208511;19;0;1;0;.3265064;1.47;0;1977;"large"
"CVCAMA";1013;78;6;2;0;1;0;0;4414;3300;1;250;110;198;75;108;18;260201;19;0;2;0;.3333333;1.485;0;1978;"large"
"CVCAMA";1154;79;6;2;0;1;0;0;5163;3305;1;250;115;198;75;108;18;204742;19;0;2;0;.3479576;1.485;0;1979;"large"
"CVCAMA";1301;80;6;2;0;0;0;0;5843;3218;1;229;115;198;75;108;20;116824;19;0;1;0;.3573648;1.485;0;1980;"large"
"CVCAMA";1973;81;6;2;0;1;0;0;6780;3222;1;229;110;198;75;108;20;94606;19;0;1;0;.3414029;1.485;0;1981;"large"
"CVCHEV";879;77;4;2;0;0;0;0;2999;1898;1;85;57;159;62;94.3;28;196218;19;0;3;0;.3003161;.9858;0;1977;"compact"
"CVCHEV";1004;78;4;5;0;0;0;0;3764;2035;1;97.6;63;163;62;97.3;30;247088;19;0;3;0;.3095823;1.0106;0;1978;"compact"
"CVCHEV";1145;79;4;5;0;0;0;0;4072;2057;1;98;70;163;62;94.3;29;375724;19;0;3;0;.3403014;1.0106;0;1979;"compact"
"CVCHEV";1293;80;4;5;0;0;0;0;4736;2048;1;98;70;166;62;97.3;26;373988;19;0;3;0;.3417969;1.0292;0;1980;"compact"
"CVCHEV";1966;81;4;5;0;0;0;0;5399;2063;1;98;70;162;62;97.3;30;346307;19;0;3;0;.3393117;1.0044;0;1981;"compact"
"CVCITA";1294;80;4;5;0;0;0;1;5552;2437;1;151;90;177;69;104.9;24;374706;19;0;1;0;.3693065;1.2213;0;1980;"midsize"
"CVCITA";1967;81;4;5;0;0;0;1;6523;2432;1;151;90;177;69;104.9;22;300184;19;0;1;0;.3700658;1.2213;0;1981;"midsize"
"CVCORV";896;77;8;2;0;1;0;0;8648;3448;1;350;180;186;69;98;14;42571;19;0;1;0;.5220417;1.2834;0;1977;"midsize"
"CVCORV";1023;78;8;2;0;1;0;0;9645;3401;1;350;185;186;69;98;14;42247;19;0;1;0;.5439577;1.2834;0;1978;"midsize"
"CVCORV";1163;79;8;2;0;1;0;0;12313;3372;1;350;195;186;69;98;13;38631;19;0;1;0;.5782918;1.2834;0;1979;"midsize"
"CVCORV";1309;80;8;2;0;1;1;0;13965;3206;1;350;190;186;69;98;14;36507;19;0;1;0;.5926388;1.2834;0;1980;"midsize"
"CVCORV";1985;81;8;2;0;1;1;0;16259;3179;1;350;190;186;69;98;14;29039;19;0;1;0;.5976722;1.2834;0;1981;"midsize"
"CVIMPA";1977;81;6;4;1;1;0;0;7550;3354;1;229;110;213;74;116;19;46992;19;0;1;0;.3279666;1.5762;0;1981;"large"
"CVMALI";885;77;6;4;0;0;0;0;3935;3628;1;250;110;210;77;116;18;296193;19;0;3;0;.3031974;1.617;0;1977;"large"
"CVMALI";1010;78;6;4;0;0;0;0;4279;3006;1;200;95;193;72;108.1;19;374124;19;0;4;0;.3160346;1.3896;0;1978;"midsize"
"CVMALI";1151;79;6;4;0;0;0;0;4915;2988;1;200;94;193;72;108.1;22;344233;19;0;3;0;.3145917;1.3896;0;1979;"midsize"
"CVMALI";1298;80;6;4;0;0;0;0;5617;3001;1;229;115;193;72;108.1;20;267732;19;0;3;0;.3832056;1.3896;0;1980;"midsize"
"CVMALI";1969;81;6;4;0;1;0;0;6814;3028;1;229;110;193;73;108.1;20;211133;19;0;3;0;.3632761;1.4089;0;1981;"midsize"
"CVMNTC";890;77;8;2;1;1;0;0;4968;3852;1;305;145;214;78;116;16;370825;19;0;3;0;.3764278;1.6692;0;1977;"large"
"CVMNTC";1015;78;6;2;0;0;0;0;4785;3040;1;231;105;201;72;108.1;16;355058;19;0;2;0;.3453947;1.4472;0;1978;"large"
"CVMNTC";1156;79;6;2;0;0;0;0;5333;3039;1;200;94;201;72;108.1;22;265877;19;0;1;0;.3093123;1.4472;0;1979;"large"
"CVMNTC";1303;80;6;2;1;1;0;0;6524;3104;1;229;115;201;72;108.1;19;165638;19;0;2;0;.3704897;1.4472;0;1980;"large"
"CVMNTC";1975;81;6;2;1;1;0;0;7505;3102;1;229;110;201;72;108.1;19;161158;19;0;1;0;.3546099;1.4472;0;1981;"large"
"CVMONZ";883;77;4;2;0;0;0;0;3560;2580;1;140;84;180;66;97;24;83413;19;0;2;0;.3255814;1.188;0;1977;"midsize"
"CVMONZ";1007;78;6;2;0;0;0;0;3632;2688;1;196;90;178;66;97;19;158127;19;0;2;0;.3348214;1.1748;0;1978;"midsize"
"CVMONZ";1148;79;4;2;0;0;0;0;3850;2577;1;151;90;180;66;97;24;141564;19;0;2;0;.3492433;1.188;0;1979;"midsize"
"CVMONZ";1296;80;4;2;0;0;0;0;4433;2617;1;151;86;180;66;97;22;150320;19;0;1;0;.3286206;1.188;0;1980;"midsize"
"CVNOVA";881;77;6;4;0;0;0;0;3532;3174;1;250;110;197;73;111;19;312135;19;0;2;0;.3465658;1.4381;0;1977;"large"
"CVNOVA";1005;78;6;4;0;0;0;0;3777;3173;1;250;110;197;73;111;18;248214;19;0;3;0;.3466751;1.4381;0;1978;"large"
"CVNOVA";1146;79;6;4;0;0;0;0;4055;3179;1;250;115;197;73;111;19;308437;19;0;1;0;.361749;1.4381;0;1979;"large"
"CVVEGA";880;77;4;2;0;0;0;0;3249;2459;1;140;84;176;66;97;24;73813;19;0;3;0;.3416023;1.1616;0;1977;"midsize"
"DGARIE";1996;81;4;4;0;0;0;1;6131;2300;1;135;84;176;69;99.9;25;143619;16;0;2;0;.3652174;1.2144;0;1981;"midsize"
"DGASPE";904;77;6;4;0;0;0;0;3631;3235;1;225;100;202;73;112.7;20;242111;16;0;1;0;.309119;1.4746;0;1977;"large"
"DGASPE";1033;78;6;4;0;0;0;0;3911;3175;1;225;100;202;74;112.7;20;157308;16;0;1;0;.3149606;1.4948;0;1978;"large"
"DGASPE";1174;79;6;4;0;0;0;0;4516;3115;1;225;100;202;73;112.7;18;117777;16;0;4;0;.3210273;1.4746;0;1979;"large"
"DGASPE";1320;80;6;4;0;0;0;0;5162;3165;1;225;90;205;73;112.7;17;55092;16;0;3;0;.2843602;1.4965;0;1980;"large"
"DGCHLN";1040;78;4;2;0;0;0;0;6051;2435;1;97.5;80;184;66;99;29;17825;16;0;1;0;.3285421;1.2144;0;1978;"midsize"
"DGCHLN";1178;79;4;2;0;0;0;0;6487;2410;1;97.5;80;184;66;99;26;14166;16;0;3;0;.3319502;1.2144;0;1979;"midsize"
"DGCHLN";1323;80;4;2;0;0;0;0;6502;2675;1;155.9;105;184;66;99;21;12617;16;0;3;0;.3925234;1.2144;0;1980;"midsize"
"DGCHLN";2000;81;4;2;0;0;0;0;7672;2755;1;156;92;180;66;99.6;20;12690;16;0;4;0;.3339383;1.188;0;1981;"midsize"
"DGCHRG";910;77;8;2;1;1;0;0;5098;3895;1;318;145;216;78;115;13;29099;16;0;2;0;.3722721;1.6848;0;1977;"large"
"DGCOLT";901;77;4;4;0;0;0;0;3422;2065;1;97.5;83;172;64;92.1;29;70679;16;0;5;0;.401937;1.1008;0;1977;"compact"
"DGCOLT";1030;78;4;4;0;0;0;0;4158;2110;1;97.5;80;163;61;92.1;34;44066;16;0;5;0;.3791469;.9943;0;1978;"compact"
"DGCOLT";1171;79;4;4;0;0;0;1;4490;2020;1;97.5;80;163;61;92.1;33;62705;16;0;5;0;.3960396;.9943;0;1979;"compact"
"DGCOLT";1318;80;4;3;0;0;0;1;4430;1810;1;86;70;157;63;90.6;37;49798;16;0;5;0;.3867403;.9891;0;1980;"compact"
"DGCOLT";1995;81;4;2;0;0;0;0;5263;1810;1;86;70;157;63;90.6;37;42796;16;0;5;0;.3867403;.9891;0;1981;"compact"
"DGDIPL";911;77;8;4;1;1;0;0;5101;3560;1;318;145;207;73;112;15;40072;16;0;2;0;.4073034;1.5111;0;1977;"large"
"DGDIPL";1041;78;6;4;0;1;0;1;5187;3465;1;225;110;207;74;112.7;17;60656;16;0;2;0;.3174603;1.5318;0;1978;"large"
"DGDIPL";1179;79;6;4;0;1;0;0;5336;3330;1;225;100;207;73;112.7;18;45129;16;0;3;0;.3003003;1.5111;0;1979;"large"
"DGDIPL";1324;80;6;4;1;1;0;0;6202;3300;1;225;90;206;74;112.7;17;33157;16;0;3;0;.2727273;1.5244;0;1980;"large"
"DGDIPL";1998;81;6;4;1;1;0;0;6910;3275;1;225;85;206;73;112.7;18;25589;16;0;2;0;.259542;1.5038;0;1981;"large"
"DGMAGN";1177;79;8;2;1;1;0;0;6039;3675;1;318;135;216;78;114.9;16;24784;16;0;3;0;.3673469;1.6848;0;1979;"large"
"DGMIRA";1327;80;6;2;0;0;0;0;6645;3280;1;225;90;210;73;112.7;17;27595;16;0;3;0;.2743903;1.533;0;1980;"large"
"DGMIRA";2003;81;6;2;1;1;0;0;8083;3290;1;225;85;210;73;112.7;18;13947;16;0;2;0;.2583587;1.533;0;1981;"large"
"DGMONA";907;77;6;4;0;0;0;0;3988;3655;1;225;110;219;78;117.4;17;91807;16;0;1;0;.3009576;1.7082;0;1977;"large"
"DGMONA";1036;78;6;4;0;0;0;0;4344;3635;1;225;110;218;78;117.4;17;37594;16;0;1;0;.3026135;1.7004;0;1978;"large"
"DGOMNI";1029;78;4;5;0;0;0;1;3976;2145;1;104.7;75;165;67;99.2;25;89497;16;0;2;0;.3496504;1.1055;0;1978;"compact"
"DGOMNI";1170;79;4;5;0;0;0;1;4469;2135;1;104.7;70;165;67;99.2;25;124378;16;0;3;0;.3278688;1.1055;0;1979;"compact"
"DGOMNI";1317;80;4;5;0;0;0;1;5681;2095;1;104.7;65;165;66;99.2;23;61240;16;0;3;0;.3102625;1.089;0;1980;"compact"
"DGOMNI";1994;81;4;4;0;0;0;1;5499;2060;1;104.7;63;163;66;96.6;28;56051;16;0;2;0;.3058252;1.0758;0;1981;"compact"
"DGSTRE";1181;79;6;4;1;1;0;0;6532;3565;1;225;110;221;78;118.5;17;28303;16;0;3;0;.3085554;1.7238;0;1979;"large"
"DGSTRE";1329;80;6;4;1;1;0;0;7129;3565;1;225;90;221;78;118.5;16;16934;16;0;3;0;.2524544;1.7238;0;1980;"large"
"DGSTRE";2001;81;6;4;1;1;0;0;7757;3535;1;225;85;221;78;118.5;17;5628;16;0;2;0;.2404526;1.7238;0;1981;"large"
"DT200S";2369;81;4;2;0;0;0;0;7389;2610;0;119.1;110;177;67;94.5;28;76024;2;0;5;0;.4214559;1.1859;1;1981;"midsize"
"DT210";2366;81;4;2;0;0;0;0;4599;1945;0;90.8;65;165;63;92.1;32;160077;2;0;5;0;.3341902;1.0395;1;1981;"compact"
"DT280Z";2372;81;6;2;0;0;0;0;16999;2938;0;168;180;174;67;91.3;21;63791;2;0;5;0;.6126617;1.1658;1;1981;"compact"
"DT310";2367;81;4;2;0;0;0;1;5489;1985;0;90.8;65;161;64;94.3;32;77956;2;0;5;0;.3274559;1.0304;1;1981;"compact"
"DT310S";1874;80;4;5;0;0;0;1;5539;2015;0;85.2;65;159;64;94.3;31;96204;2;0;5;0;.3225806;1.0176;1;1980;"compact"
"DT510";1769;78;4;4;0;0;0;0;4958;2262;0;119.1;110;170;63;94.5;25;57826;2;0;4;0;.4862953;1.071;1;1978;"compact"
"DT510";1875;80;4;4;0;0;0;0;6339;2345;0;119.1;92;170;63;94.5;30;62020;2;0;5;0;.3923241;1.071;1;1980;"compact"
"DT510";2368;81;4;4;0;0;0;0;7089;2290;0;119.1;100;173;63;94.5;29;46432;2;0;5;0;.4366812;1.0899;1;1981;"compact"
"DT810";2370;81;6;4;0;0;0;0;7979;2740;0;146;120;184;66;103.4;23;35495;2;0;5;0;.4379562;1.2144;1;1981;"midsize"
"DTB210";1721;77;4;4;0;0;0;0;3559;1919;0;85.3;80;163;61;92.1;29;173281;2;0;5;0;.4168838;.9943;1;1977;"compact"
"DTB210";1768;78;4;4;0;0;0;0;4178;1919;0;85.3;80;163;61;92.1;36;133785;2;0;5;0;.4168838;.9943;1;1978;"compact"
"DTB210";1818;79;4;4;0;0;0;0;4589;1959;0;85.2;65;165;63;92.1;27;216812;2;0;5;0;.331802;1.0395;1;1979;"compact"
"DTF10S";1723;77;4;3;0;0;0;1;3649;1827;0;85.2;70;158;60;94.3;29;37772;2;0;2;0;.3831418;.948;1;1977;"compact"
"DTF10S";1770;78;4;3;0;0;0;1;4318;1827;0;85.2;70;158;60;94.3;28;27919;2;0;5;0;.3831418;.948;1;1978;"compact"
"DTG810";1724;77;6;4;0;0;0;0;5499;2617;0;146;120;183;65;104.3;17;28244;2;0;4;0;.4585403;1.1895;1;1977;"midsize"
"DTG810";1771;78;6;4;0;0;0;0;7258;2549;0;146;154;183;65;104.3;16;21351;2;0;4;0;.6041585;1.1895;1;1978;"midsize"
"DTG810";1876;80;6;4;0;0;0;0;8379;2839;0;146;120;183;65;104.3;21;9440;2;0;5;0;.422684;1.1895;1;1980;"midsize"
"DTHL71";1722;77;4;4;0;0;0;0;4199;2329;0;108;93;172;63;96.5;23;24192;2;0;2;0;.399313;1.0836;1;1977;"compact"
"DTHLA5";1821;79;4;4;0;0;0;0;5279;2317;0;119.1;110;170;63;94.5;24;53949;2;0;5;0;.4747518;1.071;1;1979;"compact"
"DTHLG8";1822;79;6;4;0;0;0;0;8129;2637;0;146;154;183;65;104.3;20;12116;2;0;4;0;.583997;1.1895;1;1979;"midsize"
"DTHN31";1820;79;4;2;0;0;0;1;4829;1930;0;85.2;65;159;64;94.3;27;81210;2;0;5;0;.3367876;1.0176;1;1979;"compact"
"DTLB21";1873;80;4;4;0;0;0;0;5139;1990;0;75.5;58;165;63;92.1;31;180324;2;0;5;0;.2914573;1.0395;1;1980;"compact"
"FDESCO";2005;81;4;2;0;0;0;1;5158;1962;1;98;65;164;66;94.2;30;284907;18;0;3;0;.3312946;1.0824;0;1981;"compact"
"FDFIES";1043;78;4;4;0;0;0;1;4141;1684;1;97.6;66;148;62;90;34;76145;18;0;4;0;.391924;.9176;0;1978;"compact"
"FDFIES";1183;79;4;3;0;0;0;1;4493;1693;1;97.6;66;148;62;90;28;78109;18;0;4;0;.3898405;.9176;0;1979;"compact"
"FDFIES";1341;80;4;3;0;0;0;1;5032;1726;1;97.5;67;148;62;90;26;68595;18;0;5;0;.3881808;.9176;0;1980;"compact"
"FDFRMO";1047;78;4;4;0;0;0;0;3710;2610;1;140;88;194;71;105.5;23;405780;18;0;3;0;.3371648;1.3774;0;1978;"midsize"
"FDFRMO";1187;79;4;4;0;0;0;0;4220;2544;1;140;88;194;71;105.5;20;338819;18;0;3;0;.3459119;1.3774;0;1979;"midsize"
"FDFRMO";1344;80;4;4;0;0;0;0;5011;2599;1;140;88;196;71;105.5;23;285272;18;0;2;0;.3385918;1.3916;0;1980;"large"
"FDFRMO";2006;81;4;4;0;0;0;0;6210;2614;1;140;88;196;71;105.5;23;182909;18;0;3;0;.3366488;1.3916;0;1981;"large"
"FDGRNA";919;77;6;4;0;0;0;0;4118;3174;1;200;96;198;74;109.9;21;355186;18;0;3;0;.3024575;1.4652;0;1977;"large"
"FDGRNA";1053;78;6;4;0;0;0;0;4390;3122;1;250;97;198;74;109.9;21;219026;18;0;3;0;.3106983;1.4652;0;1978;"large"
"FDGRNA";1193;79;6;4;0;0;0;0;4782;3098;1;250;97;198;74;109.9;18;141737;18;0;3;0;.3131052;1.4652;0;1979;"large"
"FDGRNA";1350;80;6;4;0;0;0;0;5664;3106;1;250;97;200;75;109.9;19;88371;18;0;2;0;.3122988;1.5;0;1980;"large"
"FDGRNA";2010;81;4;4;0;0;0;0;6735;2750;1;140;88;197;71;105.5;23;106996;18;0;3;0;.32;1.3987;0;1981;"large"
"FDLTD";921;77;8;5;1;1;0;0;5415;4635;1;400;173;226;80;121;13;380499;18;0;4;0;.373247;1.808;0;1977;"large"
"FDLTD";1352;80;8;4;1;1;0;0;7117;3475;1;302;130;210;78;114.3;17;145831;18;0;3;0;.3741007;1.638;0;1980;"large"
"FDLTD";2012;81;8;4;1;1;0;0;7788;3490;1;255;120;210;78;114.3;18;113109;18;0;4;0;.3438396;1.638;0;1981;"large"
"FDLTD2";1195;79;8;4;1;1;0;0;5661;3844;1;302;133;220;79;118;14;26700;18;0;3;0;.3459938;1.738;0;1979;"large"
"FDLTDI";922;77;8;4;1;1;0;0;4870;3904;1;302;161;220;78;121;14;203922;18;0;4;0;.4123975;1.716;0;1977;"large"
"FDLTDI";1055;78;8;4;1;1;0;0;5222;3872;1;302;134;220;79;118;15;138947;18;0;3;0;.3460744;1.738;0;1978;"large"
"FDMAVE";915;77;6;4;0;0;0;0;3395;2887;1;200;96;187;71;109.9;21;167841;18;0;2;0;.3325251;1.3277;0;1977;"midsize"
"FDMSTG";917;77;4;2;0;0;0;0;3702;2627;1;140;89;175;71;96.2;23;170659;18;0;3;0;.3387895;1.2425;0;1977;"compact"
"FDMUST";1050;78;4;2;0;0;0;0;3824;2608;1;140;88;175;71;96.2;23;199760;18;0;3;0;.3374233;1.2425;0;1978;"compact"
"FDMUST";1190;79;4;2;0;0;0;0;4494;2431;1;140;88;180;68;104.4;18;304053;18;0;2;0;.361991;1.224;0;1979;"midsize"
"FDMUST";1348;80;6;2;0;0;0;0;5594;2532;1;200;91;180;68;100.4;21;225290;18;0;2;0;.3593997;1.224;0;1980;"midsize"
"FDMUST";2008;81;4;2;0;0;0;0;6363;2524;1;140;88;180;68;100.4;23;154985;18;0;3;0;.3486529;1.224;0;1981;"midsize"
"FDPINT";912;77;4;2;0;0;0;0;3099;2313;1;140;89;169;70;94.5;26;220775;18;0;3;0;.3847817;1.183;0;1977;"compact"
"FDPINT";1044;78;4;2;0;0;0;0;3139;2321;1;140;88;170;70;94.5;25;167880;18;0;3;0;.3791469;1.19;0;1978;"compact"
"FDPINT";1184;79;4;2;0;0;0;0;3434;2329;1;140;88;169;70;94.5;22;187708;18;0;3;0;.3778446;1.183;0;1979;"compact"
"FDPNTP";1342;80;4;2;0;0;0;0;4117;2377;1;140;88;171;70;94.5;24;142467;18;0;3;0;.3702146;1.197;0;1980;"compact"
"FDTHNB";923;77;8;2;1;1;0;0;5063;3907;1;302;130;216;79;114;15;325153;18;0;5;0;.3327361;1.7064;0;1977;"large"
"FDTHNB";1057;78;8;2;1;1;0;0;5498;3907;1;302;134;216;79;114;15;304430;18;0;3;0;.3429742;1.7064;0;1978;"large"
"FDTHNB";1197;79;8;2;1;1;0;0;6328;3893;1;302;133;218;79;114;14;215698;18;0;3;0;.3416388;1.7222;0;1979;"large"
"FDTHNB";1354;80;8;2;1;1;0;0;6816;3118;1;255;115;201;75;108.4;18;127248;18;0;2;0;.3688262;1.5075;0;1980;"large"
"FDTHNB";2014;81;6;2;1;1;0;0;7916;3004;1;200;88;201;75;108.4;18;69775;18;0;3;0;.2929427;1.5075;0;1981;"large"
"FT128";1729;77;4;4;0;0;0;0;3442;1930;0;78.7;62;158;62;96.4;23;16732;17;1;1;0;.3212435;.9796;0;1977;"compact"
"FT128";1772;78;4;4;0;0;0;0;3695;1930;0;78.7;62;158;62;96.4;20;13798;17;1;2;0;.3212435;.9796;0;1978;"compact"
"FT128";1823;79;4;4;0;0;0;0;3775;1930;0;78.7;61;158;62;96.4;21;8439;17;1;1;0;.3160622;.9796;0;1979;"compact"
"FT131";1731;77;4;4;0;0;0;0;4564;2375;0;107.1;86;172;65;98;19;22836;17;1;2;0;.3621053;1.118;0;1977;"compact"
"FTBRAV";1775;78;4;4;0;0;0;0;4995;2375;0;107.1;86;173;65;98;17;20403;17;1;1;0;.3621053;1.1245;0;1978;"compact"
"FTBRAV";1826;79;4;4;0;0;0;0;6131;2410;0;121.7;86;173;65;98;23;14291;17;1;1;0;.3568465;1.1245;0;1979;"compact"
"FTBRAV";2376;81;4;4;0;0;1;0;8390;2470;0;121.7;102;173;65;98;24;7380;17;1;2;0;.4129555;1.1245;0;1981;"compact"
"FTSPID";1732;77;4;2;0;0;0;0;6115;2180;0;107.1;86;161;64;89.7;18;12935;17;1;2;0;.3944954;1.0304;0;1977;"compact"
"FTSPID";1827;79;4;2;0;0;0;0;7931;2240;0;121.7;86;163;64;89.7;20;14572;17;1;1;0;.3839286;1.0432;0;1979;"compact"
"FTSTRA";1825;79;4;3;0;0;0;1;4496;2000;0;91.4;69;161;65;96.4;28;12285;17;1;1;0;.345;1.0465;0;1979;"compact"
"FTSTRA";1878;80;4;3;0;0;0;1;4881;2025;0;91.5;65;161;65;96.4;25;12253;17;1;1;0;.3209876;1.0465;0;1980;"compact"
"FTSTRA";2374;81;4;5;0;0;0;1;6357;2060;0;91.4;75;161;65;96.4;28;6888;17;1;2;0;.3640777;1.0465;0;1981;"compact"
"FTVRAV";1879;80;4;4;0;0;0;0;7658;2470;0;121.7;80;173;65;98;22;7417;17;1;1;0;.3238866;1.1245;0;1980;"compact"
"FTX119";2373;81;4;2;0;0;0;0;8997;2060;0;91.4;75;157;62;86.7;26;6343;17;1;2;0;.3640777;.9734;0;1981;"compact"
"HDACCO";1728;77;4;3;0;0;0;1;4145;1953;0;97.6;68;163;64;93.7;38;75985;3;0;5;0;.3481823;1.0432;1;1977;"compact"
"HDACCO";1780;78;4;3;0;0;0;1;5099;1953;0;97.6;68;163;64;93.7;33;120841;3;0;5;0;.3481823;1.0432;1;1978;"compact"
"HDACCO";1831;79;4;4;0;0;0;1;6365;2203;0;106.8;68;164;64;93.7;26;157919;3;0;5;0;.30867;1.0496;1;1979;"compact"
"HDACCO";1883;80;4;4;0;0;0;1;6515;2239;0;106.8;68;164;64;93.7;25;185978;3;0;5;0;.303707;1.0496;1;1980;"compact"
"HDACCO";2381;81;4;4;0;0;0;1;7645;2249;0;107;75;172;64;93.7;27;172557;3;0;5;0;.3334816;1.1008;1;1981;"compact"
"HDCIVI";1725;77;4;2;0;0;0;1;2779;1610;0;75.5;52;148;60;86.6;28;147648;3;0;5;0;.3229814;.888;1;1977;"compact"
"HDCIVI";1777;78;4;2;0;0;0;1;3255;1610;0;75.5;52;146;60;86.6;29;154035;3;0;5;0;.3229814;.876;1;1978;"compact"
"HDCIVI";1828;79;4;2;0;0;0;1;3649;1610;0;75.5;52;146;60;86.6;28;155541;3;0;5;0;.3229814;.876;1;1979;"compact"
"HDCIVI";1881;80;4;3;0;0;0;0;3799;1722;0;81;55;148;63;88.6;28;138740;3;0;5;0;.319396;.9324;1;1980;"compact"
"HDCIVI";2377;81;4;3;0;0;0;1;4599;1750;0;81;62;149;63;88.6;32;154698;3;0;5;0;.3542857;.9387;1;1981;"compact"
"HDPREL";1832;79;4;2;0;0;0;0;6445;2106;0;107;72;162;65;91.3;25;39831;3;0;5;0;.3418804;1.053;1;1979;"compact"
"HDPREL";1884;80;4;2;0;0;0;0;6595;2130;0;107;68;162;65;91.3;25;50676;3;0;5;0;.3192488;1.053;1;1980;"compact"
"HDPREL";2382;81;4;2;0;0;0;0;7695;2148;0;107;75;162;65;91.3;27;43450;3;0;5;0;.349162;1.053;1;1981;"compact"
"LCCONT";925;77;8;4;1;1;1;0;9636;4880;1;400;179;233;80;127.2;13;92985;18;0;4;0;.3668033;1.864;0;1977;"large"
"LCCONT";1059;78;8;4;1;1;1;0;10396;4660;1;400;166;233;80;127.2;13;97009;18;0;3;0;.3562232;1.864;0;1978;"large"
"LCCONT";1199;79;8;4;1;1;1;0;12093;4649;1;400;159;233;80;127.2;12;60797;18;0;4;0;.342009;1.864;0;1979;"large"
"LCMARK";926;77;8;2;1;1;1;0;11396;4652;1;400;179;231;80;120.4;13;74807;18;0;5;0;.3847807;1.848;0;1977;"large"
"LCMARK";1060;78;8;2;1;1;1;0;12318;4567;1;400;166;231;80;120.4;13;75731;18;0;3;0;.3634771;1.848;0;1978;"large"
"LCMARK";1200;79;8;2;1;1;1;0;13771;4589;1;400;159;231;80;120.4;12;56888;18;0;4;0;.3464807;1.848;0;1979;"large"
"LCMARK";1357;80;8;4;1;1;1;0;16691;3988;1;302;129;220;79;117.3;17;35371;18;0;1;0;.3234704;1.738;0;1980;"large"
"LCMARK";2017;81;8;4;1;1;1;0;18385;3944;1;302;130;216;79;117.3;16;29733;18;0;3;0;.3296146;1.7064;0;1981;"large"
"LCTWNC";2016;81;8;4;1;1;1;0;14985;3958;1;302;130;219;79;117.3;16;29178;18;0;3;0;.3284487;1.7301;0;1981;"large"
"LCVERS";924;77;8;4;1;1;1;0;11500;5000;1;351;135;201;75;109.9;16;13490;18;0;4;0;.27;1.5075;0;1977;"large"
"LCVERS";1058;78;8;4;1;1;1;0;12529;3759;1;302;133;201;75;109.9;16;15747;18;0;3;0;.3538175;1.5075;0;1978;"large"
"LCVERS";1198;79;8;4;1;1;1;0;13763;3684;1;302;130;201;75;109.9;14;13586;18;0;4;0;.3528773;1.5075;0;1979;"large"
"LCVERS";1355;80;8;4;1;1;1;0;15664;3661;1;302;132;201;75;109.9;15;4219;18;0;1;0;.3605572;1.5075;0;1980;"large"
"MB230";1736;77;4;4;1;1;0;0;12884;3070;0;140.8;118;191;70;108.3;17;4173;9;1;5;0;.3843648;1.337;0;1977;"midsize"
"MB230";1783;78;4;4;1;1;0;0;15010;3070;0;140.8;62;188;70;108.3;17;593;9;1;5;0;.2019544;1.316;0;1978;"midsize"
"MB240D";1737;77;4;4;0;1;0;0;12750;3080;0;146.7;62;191;70;108.3;25;10548;9;1;5;0;.2012987;1.337;0;1977;"midsize"
"MB240D";1784;78;4;4;0;1;0;0;14872;3080;0;146.7;62;191;70;108.3;26;7348;9;1;5;0;.2012987;1.337;0;1978;"midsize"
"MB240D";1836;79;4;4;1;1;0;0;16770;3080;0;146.7;62;191;70;110;27;11066;9;1;5;0;.2012987;1.337;0;1979;"midsize"
"MB240D";1889;80;4;4;0;1;0;0;18681;3010;0;146.4;62;191;71;110;28;9707;9;1;5;0;.2059801;1.3561;0;1980;"midsize"
"MB240D";2386;81;4;4;1;1;1;0;20558;3020;0;146.4;67;191;71;110;29;14023;9;1;5;0;.2218543;1.3561;0;1981;"midsize"
"MB280C";2390;81;6;2;1;1;1;0;30314;3220;0;167.6;137;188;71;106.7;16;589;9;1;5;0;.4254659;1.3348;0;1981;"midsize"
"MB280E";1739;77;6;4;1;1;1;0;17114;3405;0;167.6;137;191;71;110;14;4173;9;1;5;0;.4023495;1.3561;0;1977;"midsize"
"MB280E";1786;78;6;4;1;1;0;0;19711;3405;0;167.6;137;191;71;110;14;1907;9;1;5;0;.4023495;1.3561;0;1978;"midsize"
"MB280E";1838;79;6;4;1;1;0;0;22943;3415;0;167.6;137;191;71;110;14;1577;9;1;5;0;.4011713;1.3561;0;1979;"midsize"
"MB280E";1891;80;6;4;1;1;1;0;26193;3330;0;167.6;137;191;71;110;16;854;9;1;5;0;.4114114;1.3561;0;1980;"midsize"
"MB280E";2391;81;6;4;1;1;1;0;26848;3330;0;167.6;137;191;71;110;16;1165;9;1;5;0;.4114114;1.3561;0;1981;"midsize"
"MB300C";2388;81;5;2;1;1;1;0;29231;3285;0;183;77;188;71;106.7;24;1305;9;1;5;0;.2343988;1.3348;0;1981;"midsize"
"MB300D";1738;77;5;4;1;1;1;0;16590;3385;0;183.4;77;191;70;110;23;11619;9;1;5;0;.2274742;1.337;0;1977;"midsize"
"MB300D";1785;78;5;4;1;1;0;0;19120;3385;0;183.4;77;188;71;110;22;10694;9;1;5;0;.2274742;1.3348;0;1978;"midsize"
"MB300D";1837;79;5;4;1;1;0;0;21497;3385;0;183;77;191;71;110;23;8846;9;1;5;0;.2274742;1.3561;0;1979;"midsize"
"MB300D";1890;80;5;4;1;1;1;0;24536;3320;0;183;77;191;71;110;28;9411;9;1;5;0;.2319277;1.3561;0;1980;"midsize"
"MB300D";2387;81;5;4;1;1;1;0;25640;3295;0;183;77;191;71;110;24;13034;9;1;5;0;.2336874;1.3561;0;1981;"midsize"
"MB300S";2389;81;5;4;1;1;1;0;34185;3625;0;183;120;203;72;121.1;26;13957;9;1;5;0;.3310345;1.4616;0;1981;"large"
"MB300T";2392;81;5;5;1;1;1;0;31373;3615;0;183;120;191;71;110;26;3037;9;1;5;0;.3319502;1.3561;0;1981;"midsize"
"MB380S";2394;81;8;2;1;1;1;0;38993;3460;0;234.3;155;183;71;96.9;17;7563;9;1;5;0;.4479769;1.2993;0;1981;"midsize"
"MB450S";1740;77;8;4;1;1;1;0;25241;3925;0;275.8;180;210;74;112.8;13;6586;9;1;5;0;.4585987;1.554;0;1977;"large"
"MB450S";1787;78;8;4;1;1;1;0;29147;3925;0;275.8;180;210;74;112.8;12;5579;9;1;5;0;.4585987;1.554;0;1978;"large"
"MB450S";1839;79;8;4;1;1;0;0;33778;3860;0;275.8;180;210;74;112.8;12;4162;9;1;5;0;.4663212;1.554;0;1979;"large"
"MB450S";1892;80;8;4;1;1;1;0;38288;3815;0;275.8;180;210;74;112.8;16;2766;9;1;5;0;.4718218;1.554;0;1980;"large"
"MCBOBC";927;77;4;3;0;0;0;0;3438;2369;1;140;89;169;70;94.5;37;35481;18;0;3;0;.3756859;1.183;0;1977;"compact"
"MCBOBC";1061;78;4;3;0;0;0;0;3830;2389;1;140;88;170;70;94.5;25;30201;18;0;2;0;.3683549;1.19;0;1978;"compact"
"MCBOBC";1201;79;4;3;0;0;0;0;4104;2424;1;140;88;170;70;94.5;22;44674;18;0;3;0;.3630363;1.19;0;1979;"compact"
"MCBOBC";1358;80;4;3;0;0;0;0;4764;1445;1;140;88;169;70;94.5;24;26821;18;0;3;0;.6089965;1.183;0;1980;"compact"
"MCCAPR";1204;79;4;3;0;0;0;0;4872;2548;1;140;88;180;70;100.4;20;90850;18;0;1;0;.3453689;1.26;0;1979;"midsize"
"MCCAPR";1360;80;4;3;0;0;0;0;5672;1547;1;140;88;180;70;100.4;21;62592;18;0;3;0;.5688429;1.26;0;1980;"midsize"
"MCCAPR";2020;81;4;3;0;0;0;0;6869;2576;1;140;88;180;70;100.4;23;47151;18;0;3;0;.3416149;1.26;0;1981;"midsize"
"MCCGRX";2027;81;6;2;0;0;0;0;8181;3000;1;200;88;201;75;108;18;28706;18;0;3;0;.2933333;1.5075;0;1981;"large"
"MCCOME";930;77;8;4;0;0;0;0;3617;3065;1;302;137;197;71;109.9;17;42234;18;0;3;0;.4469821;1.3987;0;1977;"large"
"MCCOUG";934;77;8;4;1;1;0;0;4832;3893;1;302;130;216;78;118;15;182986;18;0;5;0;.3339327;1.6848;0;1977;"large"
"MCCOUG";1070;78;8;4;1;1;0;1;5179;3848;1;302;134;220;79;118;15;194938;18;0;4;0;.3482328;1.738;0;1978;"large"
"MCCOUG";1213;79;8;4;1;1;0;0;5524;3843;1;302;133;220;79;118;14;125139;18;0;4;0;.3460838;1.738;0;1979;"large"
"MCCOUG";2025;81;4;4;0;0;0;0;6796;2726;1;139;88;197;71;105.5;23;46750;18;0;3;0;.3228173;1.3987;0;1981;"large"
"MCLYNX";2018;81;4;3;0;0;0;1;5199;1962;1;98;65;165;66;94.2;30;92809;18;0;3;0;.3312946;1.089;0;1981;"compact"
"MCMARQ";935;77;8;4;1;1;0;0;5496;4326;1;400;173;229;80;124;13;140610;18;0;4;0;.3999075;1.832;0;1977;"large"
"MCMARQ";1071;78;8;4;1;1;0;0;5949;4328;1;351;145;229;80;124;13;136719;18;0;4;0;.3350277;1.832;0;1978;"large"
"MCMARQ";1214;79;8;4;1;1;0;0;6387;3557;1;302;129;212;78;114;15;94654;18;0;3;0;.3626652;1.6536;0;1979;"large"
"MCMARQ";1369;80;8;4;1;1;0;0;7185;3488;1;302;130;212;78;114.3;17;52644;18;0;3;0;.3727064;1.6536;0;1980;"large"
"MCMARQ";2029;81;8;4;1;1;0;0;8110;3493;1;255;120;213;78;114;18;53134;18;0;4;0;.3435442;1.6614;0;1981;"large"
"MCMONA";932;77;6;2;0;0;0;0;4154;3173;1;200;96;198;74;109.9;21;10682;18;0;2;0;.3025528;1.4652;0;1977;"large"
"MCMONA";1068;78;6;4;0;0;0;0;4457;3102;1;250;97;198;74;109.9;21;78824;18;0;3;0;.3127015;1.4652;0;1978;"large"
"MCMONA";1211;79;6;4;0;0;0;0;4841;3111;1;250;97;198;75;109.9;18;55347;18;0;2;0;.3117968;1.485;0;1979;"large"
"MCMONA";1366;80;6;4;0;0;0;0;5751;3134;1;250;90;198;75;109.9;19;31710;18;0;3;0;.2871729;1.485;0;1980;"large"
"MCZEPH";1064;78;4;4;0;0;0;0;3863;2614;1;140;88;194;72;105.5;23;120781;18;0;3;0;.3366488;1.3968;0;1978;"midsize"
"MCZEPH";1207;79;4;4;0;0;0;0;4370;2580;1;140;88;194;71;105.5;20;99335;18;0;3;0;.3410853;1.3774;0;1979;"midsize"
"MCZEPH";1363;80;4;4;0;0;0;0;5158;2647;1;140;88;196;71;105.5;23;87032;18;0;3;0;.3324518;1.3916;0;1980;"large"
"MCZEPH";2022;81;4;4;0;0;0;0;6282;2597;1;140;88;196;71;105.5;23;50603;18;0;3;0;.3388525;1.3916;0;1981;"large"
"MZ626";1887;80;4;4;0;0;0;0;6245;2595;0;120;75;174;66;98.8;28;55281;4;0;5;0;.2890173;1.1484;1;1980;"compact"
"MZ626";2384;81;4;4;0;0;0;0;6995;2530;0;120;80;174;67;98.8;28;60474;4;0;5;0;.3162055;1.1658;1;1981;"compact"
"MZGLC";1781;78;4;3;0;0;0;0;3145;1930;0;77.6;52;154;64;91;35;52877;4;0;4;0;.26943;.9856;1;1978;"compact"
"MZGLC";1835;79;4;3;0;0;0;0;3995;1955;0;86.4;65;154;64;91;30;72601;4;0;5;0;.3324808;.9856;1;1979;"compact"
"MZGLC";1885;80;4;3;0;0;0;0;4145;1965;0;96.4;65;154;64;91;35;62593;4;0;5;0;.3307888;.9856;1;1980;"compact"
"MZGLC";2383;81;4;5;0;0;0;1;5795;1915;0;90.9;63;160;64;91.1;35;62195;4;0;4;0;.3289817;1.024;1;1981;"compact"
"MZRTRY";1834;79;0;2;0;0;0;0;7195;2350;0;70;100;169;65;95;17;54853;4;0;5;0;.4255319;1.0985;1;1979;"compact"
"MZSPOR";1833;79;4;4;0;0;0;0;5495;2570;0;120;80;174;66;98.8;25;28684;4;0;5;0;.311284;1.1484;1;1979;"compact"
"OD98";947;77;8;4;1;1;0;0;6786;3807;1;350;170;221;77;119;16;123466;19;0;3;0;.4465458;1.7017;0;1977;"large"
"OD98";1084;78;8;4;1;1;0;0;7351;3805;1;350;170;221;77;119;15;123431;19;0;4;0;.4467806;1.7017;0;1978;"large"
"OD98";1230;79;8;4;1;1;1;0;8795;3850;1;350;160;221;77;119;15;92075;19;0;4;0;.4155844;1.7017;0;1979;"large"
"OD98";1384;80;8;4;1;1;1;0;9517;3789;1;307;150;206;72;114;17;73464;19;0;4;0;.3958828;1.4832;0;1980;"large"
"OD98";2040;81;6;4;1;1;1;0;10704;3661;1;252;125;222;77;119;18;84583;19;0;3;0;.3414368;1.7094;0;1981;"large"
"ODCUTL";941;77;6;4;0;1;0;0;4387;3618;1;231;105;216;77;116;16;527939;19;0;3;0;.2902156;1.6632;0;1977;"large"
"ODCUTL";1077;78;6;4;0;0;0;0;4543;3070;1;231;105;197;72;108.1;16;520279;19;0;3;0;.3420196;1.4184;0;1978;"large"
"ODCUTL";1220;79;6;4;0;0;0;0;5038;3080;1;231;115;198;72;108.1;18;113465;19;0;4;0;.3733766;1.4256;0;1979;"large"
"ODCUTL";1374;80;6;4;0;0;0;0;6124;3069;1;231;110;200;72;108.1;16;210784;19;0;2;0;.3584229;1.44;0;1980;"large"
"ODCUTL";2033;81;6;4;0;1;0;0;7833;3127;1;231;110;201;72;108.1;17;187740;19;0;3;0;.3517749;1.4472;0;1981;"large"
"ODDELT";944;77;6;4;1;1;0;0;5205;3472;1;231;105;218;77;116;17;225937;19;0;3;0;.3024194;1.6786;0;1977;"large"
"ODDELT";1080;78;6;4;1;1;0;0;5634;3449;1;231;105;218;77;116;17;273384;19;0;3;0;.3044361;1.6786;0;1978;"large"
"ODDELT";1226;79;6;4;1;1;0;0;6212;3488;1;231;115;218;77;116;18;223699;19;0;3;0;.3297018;1.6786;0;1979;"large"
"ODDELT";1379;80;6;4;1;1;0;0;6905;3358;1;231;110;219;77;116;18;147997;19;0;3;0;.327576;1.6863;0;1980;"large"
"ODDELT";2035;81;6;4;1;1;0;0;8064;3427;1;231;110;219;77;116;19;158662;19;0;3;0;.3209805;1.6863;0;1981;"large"
"ODOMEG";939;77;6;4;0;0;0;0;3797;3162;1;231;105;200;73;111;16;51724;19;0;1;0;.3320683;1.46;0;1977;"large"
"ODOMEG";1075;78;6;4;0;0;0;0;4094;3143;1;231;105;200;73;111;16;42860;19;0;3;0;.3340757;1.46;0;1978;"large"
"ODOMEG";1218;79;6;4;0;0;0;1;4281;3118;1;231;115;200;73;111;18;50098;19;0;1;0;.3688262;1.46;0;1979;"large"
"ODOMEG";1372;80;4;4;0;0;0;1;5672;2427;1;151;90;182;70;104.9;24;87262;19;0;1;0;.3708282;1.274;0;1980;"midsize"
"ODOMEG";2031;81;4;4;0;0;0;1;6775;2444;1;151;90;182;70;104.9;22;109981;19;0;1;0;.3682488;1.274;0;1981;"midsize"
"ODSTRF";936;77;4;2;0;0;0;0;3802;2672;1;140;84;180;66;97;24;19120;19;0;1;0;.3143713;1.188;0;1977;"midsize"
"ODSTRF";1072;78;6;2;0;0;0;0;4095;2786;1;231;105;180;66;97;16;18351;19;0;1;0;.3768844;1.188;0;1978;"midsize"
"ODSTRF";1215;79;4;2;0;0;0;0;4275;2690;1;151;90;180;66;97;24;18611;19;0;1;0;.3345725;1.188;0;1979;"midsize"
"ODSTRF";1370;80;4;2;0;0;0;0;4750;2656;1;151;90;180;66;97;24;5334;19;0;1;0;.3388554;1.188;0;1980;"midsize"
"ODTORN";948;77;8;2;1;1;0;1;8134;4634;1;403;200;228;80;122;13;28860;19;0;5;0;.4315926;1.824;0;1977;"large"
"ODTORN";1085;78;8;2;1;1;0;1;9412;4624;1;403;190;228;80;122;13;28039;19;0;3;0;.4108996;1.824;0;1978;"large"
"ODTORN";1232;79;8;2;1;1;1;1;10709;3731;1;350;165;206;72;114;16;46845;19;0;3;0;.4422407;1.4832;0;1979;"large"
"ODTORN";1385;80;8;4;1;1;1;1;10217;3789;1;350;105;206;72;114;15;37051;19;0;3;0;.277118;1.4832;0;1980;"large"
"ODTORN";2043;81;6;2;1;1;1;1;13030;3567;1;252;125;206;72;114;17;38609;19;0;2;0;.3504345;1.4832;0;1981;"large"
"PG504";1789;78;4;4;0;1;0;0;7490;3020;0;120.3;88;177;66;108;17;7267;14;1;3;0;.2913907;1.1682;0;1978;"midsize"
"PG504";1841;79;4;4;0;0;0;0;8040;3030;0;121;88;177;66;108;17;1951;14;1;4;0;.2904291;1.1682;0;1979;"midsize"
"PG504D";1743;77;4;4;0;0;0;0;8660;3130;0;140.5;71;183;66;108;28;4914;14;1;4;0;.2268371;1.2078;0;1977;"midsize"
"PG504D";1842;79;4;4;0;0;0;0;9040;3150;0;140.5;71;183;66;108;28;8649;14;1;5;0;.2253968;1.2078;0;1979;"midsize"
"PG504D";2396;81;4;5;0;1;0;0;11660;3300;0;140.6;71;195;67;114;28;2451;14;1;1;0;.2151515;1.3065;0;1981;"midsize"
"PG505";1893;80;4;4;0;1;0;0;10400;3020;0;120.3;96;187;69;108;16;944;14;1;2;0;.3178808;1.2903;0;1980;"midsize"
"PG505";2397;81;4;4;0;1;0;0;10990;3000;0;120.3;97;187;69;108;18;2238;14;1;1;0;.3233333;1.2903;0;1981;"midsize"
"PG505D";1894;80;4;4;0;1;0;0;11350;3200;0;140.6;71;187;69;108;29;3393;14;1;3;0;.221875;1.2903;0;1980;"midsize"
"PG505D";2398;81;4;4;0;1;0;0;11990;3200;0;140.6;80;187;69;108;28;2167;14;1;1;0;.25;1.2903;0;1981;"midsize"
"PGSL50";1742;77;4;4;0;0;0;0;7360;3020;0;140.5;88;177;66;108;28;3428;14;1;3;0;.2913907;1.1682;0;1977;"midsize"
"PLARRO";949;77;4;2;0;0;0;0;3379;2110;1;97.5;83;167;64;92.1;26;47345;16;0;3;0;.3933649;1.0688;0;1977;"compact"
"PLARRO";1087;78;4;2;0;0;0;0;4206;2175;1;97.5;83;168;64;92.1;29;26825;16;0;5;0;.3816092;1.0752;0;1978;"compact"
"PLARRO";1237;79;4;3;0;0;0;0;4647;2100;1;97.5;77;168;64;92.1;28;21829;16;0;4;0;.3666667;1.0752;0;1979;"compact"
"PLARRO";1388;80;4;5;0;0;0;0;4588;2105;1;97.5;77;168;64;92.1;29;47853;16;0;4;0;.3657957;1.0752;0;1980;"compact"
"PLCHAM";1235;79;4;3;0;0;0;1;4425;1730;1;86;70;157;63;90.6;34;27031;16;0;5;0;.4046243;.9891;0;1979;"compact"
"PLCHAM";1386;80;4;3;0;0;0;1;4430;1810;1;86;70;157;63;90.6;35;6634;16;0;5;0;.3867403;.9891;0;1980;"compact"
"PLCHAM";2046;81;4;2;0;0;0;0;5263;1810;1;86;70;157;63;96;37;42128;16;0;5;0;.3867403;.9891;0;1981;"compact"
"PLFURY";954;77;6;4;0;0;0;0;3944;3655;1;225;110;219;78;117.4;17;92056;16;0;1;0;.3009576;1.7082;0;1977;"large"
"PLFURY";1093;78;6;4;0;0;0;0;4326;3635;1;225;110;218;78;117.4;18;61358;16;0;1;0;.3026135;1.7004;0;1978;"large"
"PLGRNF";957;77;8;4;1;1;0;0;4677;4145;1;318;145;223;80;121.4;13;31692;16;0;1;0;.3498191;1.784;0;1977;"large"
"PLGRNF";1393;80;6;4;1;1;0;0;6741;3520;1;225;60;221;78;118.5;16;13682;16;0;1;0;.1704545;1.7238;0;1980;"large"
"PLGRNF";2052;81;6;4;1;1;0;0;7469;3485;1;225;85;221;78;118.5;17;9311;16;0;2;0;.2439024;1.7238;0;1981;"large"
"PLHORI";1086;78;4;4;0;0;0;1;3976;2145;1;104.7;75;165;67;99.2;23;118993;16;0;3;0;.3496504;1.1055;0;1978;"compact"
"PLHORI";1236;79;4;5;0;0;0;1;4469;2135;1;104.7;70;165;67;99.2;25;146740;16;0;3;0;.3278688;1.1055;0;1979;"compact"
"PLHORI";1387;80;4;5;0;0;0;1;5526;2095;1;104.7;65;165;66;99.2;23;78823;16;0;3;0;.3102625;1.089;0;1980;"compact"
"PLHORI";2048;81;4;2;0;0;0;1;5499;2137;1;104.7;63;174;67;96.6;25;75377;16;0;2;0;.2948058;1.1658;0;1981;"compact"
"PLRELI";2049;81;4;4;0;0;0;1;6131;2300;1;135;84;176;69;99.6;25;190158;16;0;2;0;.3652174;1.2144;0;1981;"midsize"
"PLSAPO";1092;78;4;2;0;0;0;0;6087;2455;1;97.5;105;184;67;99;29;11737;16;0;4;0;.4276986;1.2328;0;1978;"midsize"
"PLSAPO";1242;79;4;2;0;0;0;0;6486;2410;1;95.7;105;184;67;99;26;12322;16;0;4;0;.4356847;1.2328;0;1979;"midsize"
"PLSAPO";1392;80;4;2;0;0;0;0;6429;2675;1;155.9;105;184;67;99;21;10003;16;0;4;0;.3925234;1.2328;0;1980;"midsize"
"PLSAPO";2051;81;4;2;0;0;0;0;7588;2725;1;155.9;100;187;66;99.6;20;13326;16;0;4;0;.3669725;1.2342;0;1981;"midsize"
"PLVOLA";951;77;6;4;0;0;0;0;3619;3235;1;225;100;202;73;112.7;20;304305;16;0;1;0;.309119;1.4746;0;1977;"large"
"PLVOLA";1089;78;6;4;0;0;0;0;3899;3175;1;225;100;202;74;112.7;20;210125;16;0;2;0;.3149606;1.4948;0;1978;"large"
"PLVOLA";1239;79;6;4;0;0;0;0;4504;3115;1;225;100;202;73;112.7;18;167091;16;0;2;0;.3210273;1.4746;0;1979;"large"
"PLVOLA";1389;80;6;4;0;0;0;0;5150;3165;1;225;90;205;73;112.7;17;72116;16;0;1;0;.2843602;1.4965;0;1980;"large"
"PS911S";1845;79;6;2;0;0;0;0;22960;2315;0;183;172;169;65;89.4;15;3267;12;1;3;0;.7429805;1.0985;0;1979;"compact"
"PS911S";1896;80;6;2;0;0;0;0;27700;2315;0;183;172;169;65;89.4;16;3461;12;1;3;0;.7429805;1.0985;0;1980;"compact"
"PS911S";2399;81;6;2;0;0;0;0;28365;2615;0;183;172;169;65;89.5;17;4016;12;1;2;0;.6577438;1.0985;0;1981;"compact"
"PS924";1844;79;4;2;0;0;0;0;14600;2344;0;121;95;170;67;94.5;17;8345;12;1;3;0;.4052901;1.139;0;1979;"compact"
"PS924";2400;81;4;2;0;0;0;0;16770;2509;0;121;95;170;67;94.5;20;3251;12;1;2;0;.3786369;1.139;0;1981;"compact"
"PS924C";1791;78;4;2;0;0;0;0;11995;2344;0;121;95;170;67;94.5;20;10433;12;1;1;0;.4052901;1.139;0;1978;"compact"
"PS928";1846;79;8;2;0;0;0;0;32885;3144;0;273;219;181;73;98.4;11;1555;12;1;3;0;.6965649;1.3213;0;1979;"midsize"
"PS928";1897;80;8;2;0;0;0;0;37930;3144;0;273;219;176;73;98.4;15;1468;12;1;3;0;.6965649;1.2848;0;1980;"midsize"
"PS928";2401;81;8;2;0;0;0;0;38850;3210;0;273;220;182;73;98.4;16;2019;12;1;2;0;.6853582;1.3286;0;1981;"midsize"
"PS928C";1793;78;8;2;0;0;0;0;28500;3144;0;273;219;181;73;98.4;12;1535;12;1;2;0;.6965649;1.3213;0;1978;"midsize"
"PSCOUP";1744;77;4;2;0;0;0;0;9395;2344;0;121;95;171;67;94.5;17;13670;12;1;2;0;.4052901;1.1457;0;1977;"compact"
"PSCP91";1745;77;6;2;0;0;0;0;14995;2315;0;163.9;157;169;64;89.4;15;5709;12;1;2;0;.6781858;1.0816;0;1977;"compact"
"PST911";1792;78;6;2;0;0;0;0;20775;2315;0;183;172;169;65;89.4;15;4484;12;1;2;0;.7429805;1.0985;0;1978;"compact"
"PTASTR";958;77;4;2;0;0;0;0;3305;2480;1;140;84;178;66;97;24;28693;19;0;2;0;.3387097;1.1748;0;1977;"midsize"
"PTBNNV";1408;80;6;4;1;1;0;0;7167;3478;1;231;115;215;77;116;20;77911;19;0;3;0;.3306498;1.6555;0;1980;"large"
"PTBNNV";2061;81;6;4;1;1;0;0;8175;3461;1;231;110;214;77;116;19;74051;19;0;3;0;.3178272;1.6478;0;1981;"large"
"PTFIRB";969;77;6;2;0;1;0;0;4270;3264;1;231;105;197;73;108.1;16;137807;19;0;2;0;.3216912;1.4381;0;1977;"large"
"PTFIRB";1105;78;6;2;0;1;0;0;4593;3254;1;231;105;197;74;108.1;16;188212;19;0;1;0;.3226798;1.4578;0;1978;"large"
"PTFIRB";1250;79;6;2;0;1;0;0;5260;3257;1;231;115;199;73;108.2;16;149211;19;0;1;0;.3530857;1.4527;0;1979;"large"
"PTFIRB";1402;80;6;2;0;1;0;0;5948;3269;1;231;115;199;73;108.2;20;81592;19;0;1;0;.3517895;1.4527;0;1980;"large"
"PTFIRB";2059;81;6;2;0;1;0;0;7155;3275;1;231;110;199;73;108.2;19;52188;19;0;2;0;.3358779;1.4527;0;1981;"large"
"PTGRNP";975;77;8;2;1;1;0;0;5120;3804;1;307;135;219;78;116;16;235833;19;0;3;0;.3548896;1.7082;0;1977;"large"
"PTGRNP";1111;78;6;2;0;0;0;0;4880;3101;1;231;105;202;73;108.1;16;224195;19;0;3;0;.3386005;1.4746;0;1978;"large"
"PTGRNP";1258;79;6;2;0;0;0;0;5454;3126;1;231;115;205;73;108.1;18;175573;19;0;2;0;.3678823;1.4965;0;1979;"large"
"PTGRNP";1411;80;6;2;1;1;0;0;6621;3139;1;231;115;202;73;108.1;20;118414;19;0;3;0;.3663587;1.4746;0;1980;"large"
"PTGRNP";2064;81;6;2;1;1;0;0;7862;3166;1;231;110;202;73;108.1;21;128236;19;0;1;0;.3474416;1.4746;0;1981;"large"
"PTLEMA";966;77;6;4;0;0;0;0;4094;3638;1;231;105;208;78;116;16;73061;19;0;3;0;.2886201;1.6224;0;1977;"large"
"PTLEMA";1101;78;6;4;0;0;0;0;4512;3047;1;231;105;199;73;108.1;16;125020;19;0;3;0;.3446012;1.4527;0;1978;"large"
"PTLEMA";1247;79;6;4;0;0;0;0;5134;3042;1;231;115;199;73;108.1;18;114993;19;0;3;0;.3780408;1.4527;0;1979;"large"
"PTLEMA";1399;80;6;2;0;0;0;0;5758;3040;1;231;110;199;72;108.1;21;77911;19;0;1;0;.3618421;1.4328;0;1980;"large"
"PTLEMA";2057;81;6;4;0;1;0;0;7147;3052;1;231;110;199;72;108.1;17;74051;19;0;2;0;.3604194;1.4328;0;1981;"large"
"PTPHOE";961;77;6;4;0;0;0;0;4122;3275;1;231;105;203;72;111.1;17;72520;19;0;2;0;.3206107;1.4616;0;1977;"large"
"PTPHOE";1098;78;6;4;0;0;0;0;3992;3169;1;231;105;204;74;111.1;16;58280;19;0;2;0;.3313348;1.5096;0;1978;"large"
"PTPHOE";1245;79;6;4;0;0;0;1;4189;3177;1;231;115;204;73;111.1;17;80857;19;0;2;0;.3619767;1.4892;0;1979;"large"
"PTPHOE";1397;80;4;2;0;0;0;1;5465;2496;1;151;90;180;70;104.9;24;98952;19;0;1;0;.3605769;1.26;0;1980;"midsize"
"PTPHOE";2055;81;4;4;0;0;0;1;6536;2450;1;151;90;180;70;104.9;22;82285;19;0;1;0;.3673469;1.26;0;1981;"midsize"
"PTSUNB";959;77;4;2;0;0;0;0;3659;2662;1;151;87;178;66;97;26;61790;19;0;2;0;.326822;1.1748;0;1977;"midsize"
"PTSUNB";1096;78;4;2;0;0;0;0;3590;2662;1;151;85;178;66;97;24;90438;19;0;2;0;.3193088;1.1748;0;1978;"midsize"
"PTSUNB";1243;79;4;3;0;0;0;0;5004;2553;1;140;90;181;70;94.8;24;89107;19;0;1;0;.3525264;1.267;0;1979;"midsize"
"PTSUNB";1395;80;4;2;0;0;0;0;4623;2603;1;151;86;180;65;97;22;132630;19;0;1;0;.330388;1.17;0;1980;"midsize"
"PTT100";2054;81;4;5;0;0;0;0;5504;2122;1;98;65;165;62;97.3;30;55867;19;0;2;0;.3063148;1.023;0;1981;"compact"
"RN18I";2402;81;4;2;0;0;0;1;7398;2261;0;100.5;82;179;67;96;26;10721;24;1;1;0;.3626714;1.1993;0;1981;"midsize"
"RNGTL";1747;77;4;4;0;0;0;0;4450;2130;0;100.5;72;174;65;96;22;1550;24;1;2;0;.3380282;1.131;0;1977;"compact"
"RNLECA";1746;77;4;2;0;0;0;1;3345;1777;0;78.7;60;142;60;95.2;25;10208;24;1;2;0;.3376477;.852;0;1977;"compact"
"RNLECA";1811;78;4;2;0;0;0;1;3583;1777;0;78.7;60;142;60;95.8;26;14403;24;1;3;0;.3376477;.852;0;1978;"compact"
"RNLECA";1847;79;4;2;0;0;0;1;3895;1777;0;78.7;58;142;60;95.8;26;17732;24;1;3;0;.3263928;.852;0;1979;"compact"
"RNLECA";1919;80;4;2;0;0;0;0;4587;1819;0;85.3;51;143;60;96.2;30;25365;24;1;5;0;.2803738;.858;0;1980;"compact"
"RNLECA";2403;81;4;2;0;0;0;1;5200;1820;0;82.2;51;143;60;95.2;29;20148;24;1;1;0;.2802198;.858;0;1981;"compact"
"SA900";2404;81;4;3;0;0;0;0;10400;2512;0;121;110;188;67;99.4;21;2226;11;1;4;0;.4378981;1.2596;0;1981;"midsize"
"SA900G";1849;79;4;5;0;0;0;1;9348;2690;0;121;110;188;67;99.4;19;5735;11;1;3;0;.4089219;1.2596;0;1979;"midsize"
"SA900G";1899;80;4;5;0;0;0;1;10295;2790;0;121;105;188;67;99.4;21;2978;11;1;4;0;.3763441;1.2596;0;1980;"midsize"
"SA99GL";1748;77;4;4;0;0;0;1;6898;2670;0;121.1;105;173;67;97.4;18;1841;11;1;3;0;.3932584;1.1591;0;1977;"compact"
"SA99GL";1848;79;4;2;0;0;0;1;6798;2470;0;121.1;105;173;67;97.4;19;2818;11;1;3;0;.4251012;1.1591;0;1979;"compact"
"SA99GL";1898;80;4;2;0;0;0;0;7995;2500;0;121.1;51;173;76;97.4;21;2662;11;1;4;0;.204;1.3148;0;1980;"compact"
"SA99L";1794;78;4;2;0;0;0;1;5998;2470;0;121.1;105;173;67;97.4;22;8043;11;1;4;0;.4251012;1.1591;0;1978;"compact"
"SBDL";1749;77;4;4;0;0;0;1;3499;2030;0;97;67;158;60;96.7;28;80827;5;0;3;0;.3300492;.948;1;1977;"compact"
"SBDL";1796;78;4;4;0;0;0;1;3879;2045;0;97;65;158;62;96.9;31;10429;5;0;4;0;.3178484;.9796;1;1978;"compact"
"SBDL";1850;79;4;4;0;0;0;1;4579;2055;0;97;65;158;62;96.9;29;10217;5;0;5;0;.3163017;.9796;1;1979;"compact"
"SBGL";1903;80;4;4;0;0;0;1;5249;2125;0;97;167;157;61;93.3;22;2662;5;0;5;0;.7858824;.9577;1;1980;"compact"
"SBSTD";1900;80;4;3;0;0;0;1;3999;2020;0;97;110;157;61;93.3;25;21102;5;0;5;0;.5445545;.9577;1;1980;"compact"
"SBSTD";2405;81;4;3;0;0;0;1;4669;2000;0;97;69;170;65;96.9;32;28355;5;0;5;0;.345;1.105;1;1981;"compact"
"TYCELI";1755;77;4;2;0;0;0;0;4479;2530;0;133.6;95;174;64;98.3;21;163714;1;0;5;0;.3754941;1.1136;1;1977;"compact"
"TYCELI";1801;78;4;2;0;0;0;0;5259;2375;0;133.6;95;174;64;98.3;20;167366;1;0;5;0;.4;1.1136;1;1978;"compact"
"TYCELI";1855;79;4;2;0;0;0;0;5899;2480;0;133.6;90;174;64;98.3;18;146653;1;0;5;0;.3629032;1.1136;1;1979;"compact"
"TYCELI";2411;81;4;2;0;0;0;0;6699;2597;0;144;96;177;66;98.4;25;103879;1;0;5;0;.3696573;1.1682;1;1981;"midsize"
"TYCLIC";1908;80;4;2;0;0;0;0;6099;2480;0;133.6;90;174;64;98.3;23;140934;1;0;5;0;.3629032;1.1136;1;1980;"compact"
"TYCLTR";1904;80;4;2;0;0;0;1;4198;1870;0;88.6;60;160;61;98.4;33;99067;1;0;5;0;.3208556;.976;1;1980;"compact"
"TYCORO";1751;77;4;4;0;0;0;0;3403;2055;0;71.1;58;165;62;93.3;36;259344;1;0;5;0;.2822385;1.023;1;1977;"compact"
"TYCORO";1800;78;4;4;0;0;0;0;4909;2555;0;133.6;90;173;64;98.4;20;34823;1;0;5;0;.3522505;1.1072;1;1978;"compact"
"TYCORO";1854;79;4;4;0;0;0;0;5719;2530;0;133.6;90;175;66;99.4;18;36570;1;0;5;0;.3557312;1.155;1;1979;"compact"
"TYCORO";2410;81;4;4;0;0;0;0;6719;2514;0;144;96;177;66;99.4;25;22337;1;0;5;0;.3818616;1.1682;1;1981;"midsize"
"TYCRES";1802;78;6;4;0;0;1;0;7389;2693;0;165.4;108;185;67;104.1;20;12484;1;0;5;0;.4010397;1.2395;1;1978;"midsize"
"TYCRES";1856;79;6;4;1;1;1;0;8279;2816;0;165.4;108;185;67;104.1;18;11910;1;0;5;0;.3835227;1.2395;1;1979;"midsize"
"TYCRLA";1905;80;4;4;0;0;0;0;5208;2140;0;108;73;167;64;94.5;28;257315;1;0;5;0;.3411215;1.0688;1;1980;"compact"
"TYCRLA";2408;81;4;2;0;0;0;0;5178;2140;0;108;75;169;64;94.5;30;241639;1;0;5;0;.3504673;1.0816;1;1981;"compact"
"TYCRNA";1907;80;4;4;0;0;0;0;5969;2514;0;133.6;90;175;66;99.4;23;35686;1;0;5;0;.3579952;1.155;1;1980;"compact"
"TYCRSS";1909;80;6;4;1;1;1;0;9649;2838;0;156.4;108;185;67;104.1;21;11627;1;0;5;0;.3805497;1.2395;1;1980;"midsize"
"TYCRSS";2412;81;6;4;1;1;1;0;11599;2851;0;168;116;185;67;104.1;22;29583;1;0;5;0;.4068748;1.2395;1;1981;"midsize"
"TYSTRL";2406;81;4;3;0;0;0;0;5148;1724;0;78.6;58;153;60;90.6;39;32825;1;0;5;0;.3364269;.918;1;1981;"compact"
"TYTERC";2407;81;4;2;0;0;0;1;4748;1900;0;88.6;62;162;62;98.4;36;121328;1;0;5;0;.3263158;1.0044;1;1981;"compact"
"VV244";1760;77;4;4;0;0;0;0;6895;2881;0;130;99;193;67;104;18;11268;6;1;4;0;.3436307;1.2931;0;1977;"midsize"
"VV244";1809;78;4;4;0;0;0;0;7145;2880;0;130;99;193;67;104;19;13612;6;1;4;0;.34375;1.2931;0;1978;"midsize"
"VV244D";1864;79;4;4;0;0;0;0;7485;2883;0;130;99;193;67;104;19;15689;6;1;5;0;.3433923;1.2931;0;1979;"midsize"
"VV244D";1917;80;4;4;0;0;0;0;7970;2866;0;130;99;193;67;104;35;34556;6;1;5;0;.3454292;1.2931;0;1980;"midsize"
"VV264G";1865;79;6;4;0;0;0;0;11095;3133;0;162;107;193;67;104;15;9479;6;1;3;0;.3415257;1.2931;0;1979;"midsize"
"VV264G";1918;80;6;4;0;1;1;0;11385;3049;0;130;107;193;68;104.3;28;5908;6;1;5;0;.3509347;1.3124;0;1980;"midsize"
"VVDL";2419;81;4;4;0;1;0;0;9820;2992;0;130;98;193;68;104.3;19;39288;6;1;4;0;.3275401;1.3124;0;1981;"midsize"
"VVGL";1810;78;6;4;1;1;1;0;10245;3135;0;162;121;193;67;104;15;8621;6;1;5;0;.3859649;1.2931;0;1978;"midsize"
"VVGL26";1761;77;6;4;0;0;0;0;9845;3113;0;162;121;193;67;104;15;9428;6;1;3;0;.3886926;1.2931;0;1977;"midsize"
"VVGLE";2421;81;6;4;1;1;1;0;15590;3153;0;174;130;193;68;104.3;19;4032;6;1;4;0;.4123057;1.3124;0;1981;"midsize"
"VWBEET";1756;77;4;2;0;0;0;0;3699;1905;0;96.7;46;160;61;94.5;23;19245;7;1;3;0;.2414698;.976;0;1977;"compact"
"VWBEET";1808;78;4;2;0;0;0;0;5695;2059;0;96.7;46;160;61;94.5;21;9932;7;1;3;0;.2234094;.976;0;1978;"compact"
"VWBEET";1857;79;4;2;0;0;0;0;6800;2059;0;96.7;46;160;61;94.5;20;10681;7;1;3;0;.2234094;.976;0;1979;"compact"
"VWDASH";1758;77;4;4;0;0;0;1;5499;2140;0;97;78;173;64;97.2;24;25857;7;1;4;0;.364486;1.1072;0;1977;"compact"
"VWDASH";1805;78;4;4;0;0;0;1;6075;2140;0;97;78;173;63;96.7;23;28739;7;1;4;0;.364486;1.0899;0;1978;"compact"
"VWDASH";1861;79;4;4;0;0;0;1;7418;2140;0;97;78;173;63;96.7;23;24468;7;1;3;0;.364486;1.0899;0;1979;"compact"
"VWDASH";1912;80;4;3;0;0;0;1;7970;2085;0;97;78;173;63;96.7;23;30958;7;1;5;0;.3741007;1.0899;0;1980;"compact"
"VWDASH";2416;81;4;4;0;0;0;1;8830;2140;0;97;52;174;64;97.2;30;13554;7;1;3;0;.2429907;1.1136;0;1981;"compact"
"VWJETT";2415;81;4;4;0;0;0;0;8195;2001;0;105;74;168;64;94.5;25;27972;7;1;4;0;.3698151;1.0752;0;1981;"compact"
"VWRABB";1753;77;4;5;0;0;0;1;4314;2270;0;89.7;48;156;64;94.5;39;164706;7;1;4;0;.2114538;.9984;0;1977;"compact"
"VWRABB";1803;78;4;5;0;0;0;1;4839;1955;0;88.9;71;156;64;94.5;26;126343;7;1;4;0;.3631714;.9984;0;1978;"compact"
"VWRABB";1859;79;4;5;0;0;0;1;5809;1900;0;88.9;71;156;64;94.4;25;47965;7;1;4;0;.3736842;.9984;0;1979;"compact"
"VWRABB";1910;80;4;5;0;0;0;1;5890;1845;0;88.9;62;156;64;94.5;27;8856;7;1;3;0;.3360434;.9984;0;1980;"compact"
"VWRABB";2414;81;4;4;0;0;0;0;6570;1887;0;105;74;156;64;94.5;28;12082;7;1;3;0;.3921569;.9984;0;1981;"compact"
"VWSCIR";1759;77;4;2;0;0;0;1;5295;1888;0;97;71;156;64;94.5;29;24786;7;1;4;0;.3760593;.9984;0;1977;"compact"
"VWSCRC";1858;79;4;2;0;0;0;1;7090;1888;0;97;71;156;64;94.5;24;26014;7;1;5;0;.3760593;.9984;0;1979;"compact"
"VWSCRC";1916;80;4;2;0;0;0;1;8130;1888;0;97;71;156;64;94.5;24;22456;7;1;4;0;.3760593;.9984;0;1980;"compact"
"VWSCRC";2418;81;4;2;0;0;0;0;8495;1933;0;105;74;156;64;94.5;25;17043;7;1;4;0;.3828246;.9984;0;1981;"compact"
"VWSCRO";1807;78;4;2;0;0;0;1;6095;1888;0;88.9;71;156;64;94.5;25;28137;7;1;4;0;.3760593;.9984;0;1978;"compact"
